{
  "tools": {
    "axe": {
      "name": "Axe",
      "icon": "minecraft:diamond_axe",
      "toollist": [
        "TConstruct:hatchet",
        "appliedenergistics2:item.ToolCertusQuartzAxe",
        "appliedenergistics2:item.ToolNetherQuartzAxe",
        "minecraft:diamond_axe",
        "minecraft:golden_axe",
        "minecraft:iron_axe",
        "minecraft:stone_axe",
        "minecraft:wooden_axe"
      ],
      "blocklist": [
        "DCsAppleMilk:defeatedcrow.leavesYuzu",
        "DCsAppleMilk:defeatedcrow.logYuzu/0",
        "ExtraTrees:log/0",
        "ExtraTrees:log/1",
        "ExtraTrees:log/2",
        "ExtraTrees:log/3",
        "ExtraTrees:log/4",
        "ExtraTrees:log/5",
        "ExtraTrees:log/6",
        "ExtraTrees:log/7",
        "ExtraTrees:log/8",
        "ExtraTrees:log/9",
        "ExtraTrees:log/10",
        "ExtraTrees:log/11",
        "ExtraTrees:log/12",
        "ExtraTrees:log/13",
        "ExtraTrees:log/14",
        "ExtraTrees:log/15",
        "ExtraTrees:log/16",
        "ExtraTrees:log/17",
        "ExtraTrees:log/18",
        "ExtraTrees:log/19",
        "ExtraTrees:log/20",
        "ExtraTrees:log/21",
        "ExtraTrees:log/22",
        "ExtraTrees:log/23",
        "ExtraTrees:log/24",
        "ExtraTrees:log/25",
        "ExtraTrees:log/26",
        "ExtraTrees:log/27",
        "ExtraTrees:log/28",
        "ExtraTrees:log/29",
        "ExtraTrees:log/30",
        "ExtraTrees:log/31",
        "ExtraTrees:log/32",
        "ExtraTrees:log/33",
        "ExtraTrees:log/34",
        "ExtraTrees:log/35",
        "ExtraTrees:log/36",
        "ExtraTrees:log/37",
        "ExtraTrees:log/38",
        "ExtraTrees:log/39",
        "Forestry:leaves",
        "Forestry:logs",
        "Forestry:logsFireproof",
        "Thaumcraft:blockMagicalLog",
        "Thaumcraft:blockMagicalLog/0",
        "Thaumcraft:blockMagicalLog/1",
        "arsmagica2:WitchwoodLog/0",
        "harvestcraft:pamCinnamon/0",
        "harvestcraft:pamMaple/0",
        "harvestcraft:pamPaperbark/0",
        "minecraft:fence",
        "minecraft:leaves",
        "minecraft:leaves2",
        "minecraft:log",
        "minecraft:log2"
      ]
    },
    "crook": {
      "name": "Crook",
      "icon": "exnihilo:crook",
      "toollist": [
        "exnihilo:crook",
        "exnihilo:crook_bone"
      ],
      "blocklist": [
        "minecraft:leaves",
        "minecraft:leaves2",
        "minecraft:tallgrass",
        "minecraft:vine",
        "minecraft:web",
        "minecraft:wool"
      ]
    },
    "hammer": {
      "name": "Hammer",
      "icon": "exnihilo:hammer_stone",
      "toollist": [
        "exastrisrebirth:itemHammerRF",
        "exnihilo:hammer_diamond",
        "exnihilo:hammer_gold",
        "exnihilo:hammer_iron",
        "exnihilo:hammer_stone",
        "exnihilo:hammer_wood"
      ],
      "blocklist": [
        "exnihilo:aluminum_dust",
        "exnihilo:aluminum_gravel",
        "exnihilo:aluminum_sand",
        "exnihilo:copper_dust",
        "exnihilo:copper_gravel",
        "exnihilo:copper_sand",
        "exnihilo:dust",
        "exnihilo:ender_lead_gravel",
        "exnihilo:ender_platinum_gravel",
        "exnihilo:ender_silver_gravel",
        "exnihilo:ender_tin_gravel",
        "exnihilo:exnihilo.gravel_ender",
        "exnihilo:exnihilo.gravel_nether",
        "exnihilo:gold_dust",
        "exnihilo:gold_gravel",
        "exnihilo:gold_sand",
        "exnihilo:iron_dust",
        "exnihilo:iron_gravel",
        "exnihilo:iron_sand",
        "exnihilo:lead_dust",
        "exnihilo:lead_gravel",
        "exnihilo:lead_sand",
        "exnihilo:nether_copper_gravel",
        "exnihilo:nether_gold_gravel",
        "exnihilo:nether_iron_gravel",
        "exnihilo:nether_nickel_gravel",
        "exnihilo:nickel_dust",
        "exnihilo:nickel_gravel",
        "exnihilo:nickel_sand",
        "exnihilo:platinum_dust",
        "exnihilo:platinum_gravel",
        "exnihilo:platinum_sand",
        "exnihilo:silver_dust",
        "exnihilo:silver_gravel",
        "exnihilo:silver_sand",
        "exnihilo:tin_dust",
        "exnihilo:tin_gravel",
        "exnihilo:tin_sand",
        "minecraft:cobblestone",
        "minecraft:gravel",
        "minecraft:sand"
      ]
    },
    "hoe": {
      "name": "Hoe",
      "icon": "minecraft:diamond_hoe",
      "toollist": [
        "TConstruct:mattock",
        "appliedenergistics2:item.ToolCertusQuartzHoe",
        "appliedenergistics2:item.ToolNetherQuartzHoe",
        "minecraft:diamond_hoe",
        "minecraft:golden_hoe",
        "minecraft:iron_hoe",
        "minecraft:stone_hoe",
        "minecraft:wooden_hoe"
      ],
      "blocklist": [
        "minecraft:carrots",
        "minecraft:melon_block",
        "minecraft:potatoes",
        "minecraft:pumpkin",
        "minecraft:wheat"
      ]
    },
    "pickaxe": {
      "name": "Pickaxe",
      "icon": "minecraft:diamond_pickaxe",
      "toollist": [
        "TConstruct:pickaxe",
        "appliedenergistics2:item.ToolCertusQuartzPickaxe",
        "appliedenergistics2:item.ToolNetherQuartzPickaxe",
        "minecraft:diamond_pickaxe",
        "minecraft:golden_pickaxe",
        "minecraft:iron_pickaxe",
        "minecraft:stone_pickaxe",
        "minecraft:wooden_pickaxe"
      ],
      "blocklist": [
        "DraconicEvolution:draconiumOre/0",
        "ForestDay:oreforestday/0",
        "ForestDay:oreforestday/1",
        "ForestDay:oreforestday/2",
        "ForestDay:oreforestday/3",
        "ForestDay:oreforestday/4",
        "ForestDay:oreforestday/5",
        "Forestry:resources/0",
        "Forestry:resources/1",
        "Forestry:resources/2",
        "HardcoreEnderExpansion:end_powder_ore/0",
        "HardcoreEnderExpansion:endium_ore/0",
        "HardcoreEnderExpansion:igneous_rock_ore/0",
        "HardcoreEnderExpansion:instability_orb_ore/0",
        "HardcoreEnderExpansion:stardust_ore/0",
        "ModularMachines:oremodularmachines/0",
        "ModularMachines:oremodularmachines/1",
        "NetherOres:tile.netherores.ore.0/0",
        "NetherOres:tile.netherores.ore.0/1",
        "NetherOres:tile.netherores.ore.0/2",
        "NetherOres:tile.netherores.ore.0/3",
        "NetherOres:tile.netherores.ore.0/4",
        "NetherOres:tile.netherores.ore.0/5",
        "NetherOres:tile.netherores.ore.0/6",
        "NetherOres:tile.netherores.ore.0/7",
        "NetherOres:tile.netherores.ore.0/8",
        "NetherOres:tile.netherores.ore.0/9",
        "NetherOres:tile.netherores.ore.0/10",
        "NetherOres:tile.netherores.ore.0/12",
        "NetherOres:tile.netherores.ore.0/13",
        "NetherOres:tile.netherores.ore.0/14",
        "NetherOres:tile.netherores.ore.0/15",
        "NetherOres:tile.netherores.ore.1/0",
        "NetherOres:tile.netherores.ore.1/1",
        "NetherOres:tile.netherores.ore.1/2",
        "NetherOres:tile.netherores.ore.1/5",
        "NetherOres:tile.netherores.ore.1/11",
        "NetherOres:tile.netherores.ore.1/13",
        "NetherOres:tile.netherores.ore.1/14",
        "TConstruct:GravelOre/0",
        "TConstruct:GravelOre/1",
        "TConstruct:GravelOre/2",
        "TConstruct:GravelOre/3",
        "TConstruct:GravelOre/4",
        "TConstruct:GravelOre/5",
        "TConstruct:SearedBrick/1",
        "TConstruct:SearedBrick/2",
        "TConstruct:SearedBrick/3",
        "TConstruct:SearedBrick/4",
        "TConstruct:SearedBrick/5",
        "TConstruct:ore.berries.one/0",
        "TConstruct:ore.berries.one/1",
        "TConstruct:ore.berries.one/2",
        "TConstruct:ore.berries.one/3",
        "TConstruct:ore.berries.two/0",
        "TConstruct:ore.berries.two/1",
        "Thaumcraft:blockCustomOre/0",
        "Thaumcraft:blockCustomOre/1",
        "Thaumcraft:blockCustomOre/2",
        "Thaumcraft:blockCustomOre/3",
        "Thaumcraft:blockCustomOre/4",
        "Thaumcraft:blockCustomOre/5",
        "Thaumcraft:blockCustomOre/6",
        "Thaumcraft:blockCustomOre/7",
        "ThermalFoundation:Ore/0",
        "ThermalFoundation:Ore/1",
        "ThermalFoundation:Ore/2",
        "ThermalFoundation:Ore/3",
        "ThermalFoundation:Ore/4",
        "ThermalFoundation:Ore/5",
        "ThermalFoundation:Ore/6",
        "appliedenergistics2:tile.OreQuartz/0",
        "appliedenergistics2:tile.OreQuartzCharged/0",
        "arsmagica2:vinteumOre/0",
        "arsmagica2:vinteumOre/1",
        "arsmagica2:vinteumOre/2",
        "arsmagica2:vinteumOre/3",
        "arsmagica2:vinteumOre/4",
        "minecraft:coal_ore",
        "minecraft:cobblestone_wall",
        "minecraft:diamond_ore",
        "minecraft:emerald_ore",
        "minecraft:glowstone",
        "minecraft:gold_ore",
        "minecraft:iron_ore",
        "minecraft:lapis_ore",
        "minecraft:lit_redstone_ore",
        "minecraft:mossy_cobblestone",
        "minecraft:nether_brick_fence",
        "minecraft:obsidian",
        "minecraft:quartz_ore",
        "minecraft:redstone_ore"
      ]
    },
    "shears": {
      "name": "Shears",
      "icon": "minecraft:shears",
      "toollist": [
        "minecraft:shears"
      ],
      "blocklist": [
        "DCsAppleMilk:defeatedcrow.leavesYuzu",
        "Forestry:leaves",
        "minecraft:deadbush",
        "minecraft:leaves",
        "minecraft:leaves2",
        "minecraft:tallgrass",
        "minecraft:vine",
        "minecraft:web",
        "minecraft:wool"
      ]
    },
    "shovel": {
      "name": "Shovel",
      "icon": "minecraft:diamond_shovel",
      "toollist": [
        "TConstruct:mattock",
        "TConstruct:shovel",
        "appliedenergistics2:item.ToolCertusQuartzSpade",
        "appliedenergistics2:item.ToolNetherQuartzSpade",
        "minecraft:diamond_shovel",
        "minecraft:golden_shovel",
        "minecraft:iron_shovel",
        "minecraft:stone_shovel",
        "minecraft:wooden_shovel"
      ],
      "blocklist": [
        "minecraft:clay",
        "minecraft:gravel"
      ]
    }
  }
}