{
    "+libraries": [
        {
            "name": "net.minecraft:launchwrapper:1.11"
        },
        {
            "name": "org.ow2.asm:asm-all:5.0.3",
            "url": "http://repo.maven.apache.org/maven2/"
        },
        {
            "name": "com.mumfrey:liteloader:1.7.10_04",
            "url": "http://dl.liteloader.com/versions/"
        }
    ],
    "+tweakers": [
        "com.mumfrey.liteloader.launch.LiteLoaderTweaker"
    ],
    "fileId": "com.mumfrey.liteloader",
    "id": "1.7.10",
    "mainClass": "net.minecraft.launchwrapper.Launch",
    "name": "LiteLoader",
    "order": 10,
    "version": "1.7.10_04"
}
