{
  "default": [
    {
      "name": "nether",
      "settings": [
        { "type": "worldProvider", "name": "nether" }
      ]
    },
    {
      "name": "end",
      "settings": [
        { "type": "worldProvider", "name": "end" }
      ]
    },
    {
      "name": "overworld",
      "settings": [
        { "type": "worldProvider", "name": "overworld" }
      ]
    },
    {
      "name": "void",
      "settings": [
        { "type": "worldProvider", "name": "overworld" },
        { "type":"worldType", "name" : "flat" },
        { "type": "generatorOptions", "value": "255x0" }
      ]
    }
  ]
}
