{
  "fwg": [
    {
      "name": "innerlands",
      "settings": [
        { "type": "worldProvider", "name": "overworld" },
        { "type": "worldType", "name": "FWG" },
        { "type": "generatorOptions", "value": "SKYDIM#1" },
        { "type": "seed", "value": 7308741327247404037 },
        { "type": "worldGuard", "interactionAllowed": true },
        { "type": "border", "center":{ "x": 0, "z": 0 }, "radius": 45,  "actions":[
            { "type": "message", "side":"all", "message":"Ohne konkretes Ziel solltest Du nicht durch die Leere reisen!" },
            { "type": "knockback", "multiplier": 0.1, "side":"all" }
        ]}
      ]
    },
    {
      "name": "outerlands",
      "settings": [
        { "type": "worldProvider", "name": "overworld" },
        { "type": "worldType", "name": "FWG" },
        { "type": "generatorOptions", "value": "SKYDIM#1" },
        { "type": "seed", "value": "*" }
      ]
    },
    {
      "name": "skyland",
      "settings": [
        { "type": "worldProvider", "name": "overworld" },
        { "type": "worldType", "name": "FWG" },
        { "type": "generatorOptions", "value": "SKYLAND#0" },
        { "type": "spawn", "x": 0, "y": 150, "z": 0, "mode": "topdown" },
        { "type": "seed", "value": "*" },
        { "type": "whitelist", "users": [], "editable": true },
        { "type": "border", "center":{ "x": 0, "z": 0 }, "radius": 16,  "actions":[
            { "type": "travel", "side": "south", "editable" : false, "targetId": 0 },
            { "type": "message", "side":"all", "message":"Ohne konkretes Ziel solltest Du nicht durch die Leere reisen!" },
            { "type": "knockback", "multiplier": 0.1, "side":"all" }
        ]},
        { "type": "entityspawn", "typeLimit": {
            "monster": 50
          },
          "entityLimit": {
            "Item": 300,
            "Bat": 5,
            "Chicken": 5,
            "Cow": 5,
            "MushroomCow": 5,
            "Pig": 5,
            "Sheep": 5,
            "Squid": 5,
            "EntityHorse" : 5,
            "Wolf" : 5,
            "Ozelot": 5,
            "Villager": 5,
            "arsmagica2.MobDryad": 2,
            "TConstruct.EdibleSlime": 5,
            "TConstruct.KingSlime": 2,
            "WitherBoss" : -1,
            "arsmagica2.BossEnderGuardian": -1,
            "arsmagica2.BossWaterGuardian": -1,
            "arsmagica2.BossArcaneGuardian": -1,
            "arsmagica2.BossNatureGuardian": -1,
            "arsmagica2.BossEarthGuardian": -1,
            "arsmagica2.BossFireGuardian": -1,
            "arsmagica2.BossAirGuardian": -1,
            "arsmagica2.BossLightningGuardian": -1,
            "arsmagica2.BossLifeGuardian": -1,
            "arsmagica2.BossWinterGuardian": -1,
            "AWWayofTime.MinorDemonGruntGuardian": -1,
            "AWWayofTime.BileDemon": -1,
            "AWWayofTime.MinorDemonGruntFire": -1,
            "AWWayofTime.MinorDemonGrunt": -1,
            "AWWayofTime.MinorDemonGruntIce": -1,
            "AWWayofTime.WingedFireDemon": -1,
            "AWWayofTime.MinorDemonGruntGuardianWind": -1,
            "AWWayofTime.MinorDemonGruntGuardianFire": -1,
            "AWWayofTime.MinorDemonGruntWind": -1,
            "AWWayofTime.MinorDemonGruntGuardianIce": -1,
            "AWWayofTime.MinorDemonGruntGuardianEarth": -1,
            "AWWayofTime.IceDemon": -1,
            "AWWayofTime.MinorDemonGruntEarth": -1,
            "AWWayofTime.AirElemental": -1,
            "AWWayofTime.EarthElemental": -1,
            "AWWayofTime.WaterElemental": -1,
            "AWWayofTime.ShadeElemental": -1,
            "AWWayofTime.FireElemental": -1,
            "AWWayofTime.HolyElemental": -1,
            "AWWayofTime.FallenAngel": -1,
            "AWWayofTime.BoulderFist": -1,
            "AWWayofTime.SmallEarthGolem": -1,
            "AWWayofTime.Shade": -1,
            "AWWayofTime.LowerGuardian": -1,
            "mountainmobs.geonach": -1,
            "shadowmobs.phantom": -1
          }
        }
      ]
    },
    {
      "name": "skyland-snow",
      "settings": [
        { "type": "worldProvider", "name": "overworld" },
        { "type": "worldType", "name": "FWG" },
        { "type": "generatorOptions", "value": "SKYLAND#1" },
        { "type": "spawn", "x": 0, "y": 150, "z": 0, "mode": "topdown" },
        { "type": "seed", "value": "*" },
        { "type": "whitelist", "users": [], "editable": true },
        { "type": "border", "center":{ "x": 0, "z": 0 }, "radius": 16,  "actions":[
            { "type": "travel", "side": "south", "editable" : false, "targetId": 0 },
            { "type": "message", "side":"all", "message":"Ohne konkretes Ziel solltest Du nicht durch die Leere reisen!" },
            { "type": "knockback", "multiplier": 0.1, "side":"all" }
        ]},
        { "type": "entityspawn", "typeLimit": {
            "monster": 50
          },
          "entityLimit": {
            "Item": 300,
            "Bat": 5,
            "Chicken": 5,
            "Cow": 5,
            "MushroomCow": 5,
            "Pig": 5,
            "Sheep": 5,
            "Squid": 5,
            "EntityHorse" : 5,
            "Wolf" : 5,
            "Ozelot": 5,
            "Villager": 5,
            "arsmagica2.MobDryad": 2,
            "TConstruct.EdibleSlime": 5,
            "TConstruct.KingSlime": 2,
            "WitherBoss" : -1,
            "arsmagica2.BossEnderGuardian": -1,
            "arsmagica2.BossWaterGuardian": -1,
            "arsmagica2.BossArcaneGuardian": -1,
            "arsmagica2.BossNatureGuardian": -1,
            "arsmagica2.BossEarthGuardian": -1,
            "arsmagica2.BossFireGuardian": -1,
            "arsmagica2.BossAirGuardian": -1,
            "arsmagica2.BossLightningGuardian": -1,
            "arsmagica2.BossLifeGuardian": -1,
            "arsmagica2.BossWinterGuardian": -1,
            "AWWayofTime.MinorDemonGruntGuardian": -1,
            "AWWayofTime.BileDemon": -1,
            "AWWayofTime.MinorDemonGruntFire": -1,
            "AWWayofTime.MinorDemonGrunt": -1,
            "AWWayofTime.MinorDemonGruntIce": -1,
            "AWWayofTime.WingedFireDemon": -1,
            "AWWayofTime.MinorDemonGruntGuardianWind": -1,
            "AWWayofTime.MinorDemonGruntGuardianFire": -1,
            "AWWayofTime.MinorDemonGruntWind": -1,
            "AWWayofTime.MinorDemonGruntGuardianIce": -1,
            "AWWayofTime.MinorDemonGruntGuardianEarth": -1,
            "AWWayofTime.IceDemon": -1,
            "AWWayofTime.MinorDemonGruntEarth": -1,
            "AWWayofTime.AirElemental": -1,
            "AWWayofTime.EarthElemental": -1,
            "AWWayofTime.WaterElemental": -1,
            "AWWayofTime.ShadeElemental": -1,
            "AWWayofTime.FireElemental": -1,
            "AWWayofTime.HolyElemental": -1,
            "AWWayofTime.FallenAngel": -1,
            "AWWayofTime.BoulderFist": -1,
            "AWWayofTime.SmallEarthGolem": -1,
            "AWWayofTime.Shade": -1,
            "AWWayofTime.LowerGuardian": -1,
            "mountainmobs.geonach": -1,
            "shadowmobs.phantom": -1
          }
        }
      ]
    },
    {
      "name": "skyland-jungle",
      "settings": [
        { "type": "worldProvider", "name": "overworld" },
        { "type": "worldType", "name": "FWG" },
        { "type": "generatorOptions", "value": "SKYLAND#2" },
        { "type": "spawn", "x": 0, "y": 150, "z": 0, "mode": "topdown" },
        { "type": "seed", "value": "*" },
        { "type": "whitelist", "users": [], "editable": true },
        { "type": "border", "center":{ "x": 0, "z": 0 }, "radius": 16,  "actions":[
            { "type": "travel", "side": "south", "editable" : false, "targetId": 0 },
            { "type": "message", "side":"all", "message":"Ohne konkretes Ziel solltest Du nicht durch die Leere reisen!" },
            { "type": "knockback", "multiplier": 0.1, "side":"all" }
        ]},
        { "type": "entityspawn", "typeLimit": {
            "monster": 50
          },
          "entityLimit": {
            "Item": 300,
            "Bat": 5,
            "Chicken": 5,
            "Cow": 5,
            "MushroomCow": 5,
            "Pig": 5,
            "Sheep": 5,
            "Squid": 5,
            "EntityHorse" : 5,
            "Wolf" : 5,
            "Ozelot": 5,
            "Villager": 5,
            "arsmagica2.MobDryad": 2,
            "TConstruct.EdibleSlime": 5,
            "TConstruct.KingSlime": 2,
            "WitherBoss" : -1,
            "arsmagica2.BossEnderGuardian": -1,
            "arsmagica2.BossWaterGuardian": -1,
            "arsmagica2.BossArcaneGuardian": -1,
            "arsmagica2.BossNatureGuardian": -1,
            "arsmagica2.BossEarthGuardian": -1,
            "arsmagica2.BossFireGuardian": -1,
            "arsmagica2.BossAirGuardian": -1,
            "arsmagica2.BossLightningGuardian": -1,
            "arsmagica2.BossLifeGuardian": -1,
            "arsmagica2.BossWinterGuardian": -1,
            "AWWayofTime.MinorDemonGruntGuardian": -1,
            "AWWayofTime.BileDemon": -1,
            "AWWayofTime.MinorDemonGruntFire": -1,
            "AWWayofTime.MinorDemonGrunt": -1,
            "AWWayofTime.MinorDemonGruntIce": -1,
            "AWWayofTime.WingedFireDemon": -1,
            "AWWayofTime.MinorDemonGruntGuardianWind": -1,
            "AWWayofTime.MinorDemonGruntGuardianFire": -1,
            "AWWayofTime.MinorDemonGruntWind": -1,
            "AWWayofTime.MinorDemonGruntGuardianIce": -1,
            "AWWayofTime.MinorDemonGruntGuardianEarth": -1,
            "AWWayofTime.IceDemon": -1,
            "AWWayofTime.MinorDemonGruntEarth": -1,
            "AWWayofTime.AirElemental": -1,
            "AWWayofTime.EarthElemental": -1,
            "AWWayofTime.WaterElemental": -1,
            "AWWayofTime.ShadeElemental": -1,
            "AWWayofTime.FireElemental": -1,
            "AWWayofTime.HolyElemental": -1,
            "AWWayofTime.FallenAngel": -1,
            "AWWayofTime.BoulderFist": -1,
            "AWWayofTime.SmallEarthGolem": -1,
            "AWWayofTime.Shade": -1,
            "AWWayofTime.LowerGuardian": -1,
            "mountainmobs.geonach": -1,
            "shadowmobs.phantom": -1
          }
        }
      ]
    }
  ]
}
