{
  "food": 
  {
    "oredict": 
    [ 
      "foodBlueberrymuffin",			/* Blueberry Muffin */
      "foodCornbread",				/* Cornbread */
      "foodBrownie",				/* Brownie */
      "foodRaspberrytrifle"			/* Raspberry Trifle */    
    ],
    "items":
    [
      "harvestcraft:pumpkinmuffinItem",		/* Pumpkin Muffin */
      "harvestcraft:potatocakesItem", /* Potato Cake */
      "harvestcraft:ricecakeItem" /* Rice Cake */
    ]
  },
  "name": "Biscuit",
  "enabled": true,
  "priority": 8,
  "blacklist": false,
  "hidden": false
}
