{
  "food": 
  {
    "oredict": 
    [ 
      "foodBanananutbread",		/* Banana Nut Bread */
      "foodDamper",			/* Damper */
      "foodDatenutbread",		/* Date Nut Bread */
      "foodFairybread",			/* Fairy Bread */
      "foodGarlicbread",		/* Garlic Bread */
      "foodGingerbread",		/* Ginger Bread */
      "foodLavendershortbread",		/* Lavender Shortbread */
      "foodPumpkinbread",		/* Pumpkin Bread */
      "foodWalnutraisinbread",		/* Walnut Raisin Bread */
      "foodZucchinibread",		/* Zucchini Bread */
      "foodCroissant", /* Croissant */
      "foodNaan" /* Naan */
      
    ],
    "items": 
    [
      "minecraft:bread"	,		/* Bread */ 
      "Forestry:honeyedSlice" /* Honeyed Slice */ 
    ]
  },
  "name": "Bread",
  "enabled": true,
  "priority": 8,
  "blacklist": false,
  "hidden": false
}
