{
  "food": 
  {
    "oredict": 
    [ 
      "foodMarshmellows",		/* Marshmellows */
      "foodNachoes",			/* Nachoes */
      "foodPeppermint",			/* Peppermint */
      "foodCandiedginger",		/* Candied Ginder */
      "foodCandiedlemon",		/* Candied Lemon */
      "foodCandiedwalnuts",		/* Candied Walnuts */
      "foodCaramel", 			/* Caramel */
      "foodCaramelapple",		/* Caramel Apple */
      "foodGummybears",			/* Gummbie Bears */
      "foodJellybeans",			/* Jellybeans */
      "foodSoftpretzel",		/* Soft Pretzel */
      "foodSoftpretzelandmustard",	/* Soft Pretzel and Mustard */
      "foodSaltedsunflowerseeds",	/* Salted Sunflower Seeds */
      "foodTaffy",			/* Taffy */
      "foodTrailmix",			/* Trail Mix */
      "foodMaplecandiedbacon",          /*  Maple Candied Bacon */
      "foodSesameball",                 /* Sesame Ball */
      "foodMochi",                      /* Mochi */
      "foodSweetpickle",                /* Sweet Pickle */
      "foodCracker",                    /* Cracker */
      "foodMarzipan"                    /* Marzipan */

    ],
    "items":
    [
      "harvestcraft:popcornItem",	/* Popcorn */
      "ForbiddenMagic:GluttonyShard", /* Gluttony Shard */
      "DCsAppleMilk:defeatedcrow.icyToffyApple:3", /* Green Toffee Apple */
      "DCsAppleMilk:defeatedcrow.ToffyApple",  /* Toffee Apple */
      "DCsAppleMilk:defeatedcrow.icyToffyApple", /* Icy Toffee Apple */
      "DCsAppleMilk:defeatedcrow.icyToffyApple:1", /* Toffee Aplle of Wind */
      "DCsAppleMilk:defeatedcrow.icyToffyApple:2", /* Golden Toffee Apple */
      "DCsAppleMilk:defeatedcrow.icyToffyApple:5", /* Mint Candy */
      "DCsAppleMilk:defeatedcrow.icyToffyApple:6", /* Yuzu Candy */
      "DCsAppleMilk:defeatedcrow.bakedApple", /* Baked Apple */
      "DCsAppleMilk:defeatedcrow.icyToffyApple:4" /* Cassis Candy */      
    ]
  },
  "name": "Candy",
  "enabled": true,
  "priority": 8,
  "blacklist": false,
  "hidden": false
}
