{
  "food": 
  {
    "oredict": 
    [ 
      "listAllchickencooked",
    
      "foodChickencelerycasserole",	/* Chicken Celery Casserole */
      "foodChickencurry",    		/* Chicken Curry */
      "foodChickengumbo",    		/* Chicken Gumbo */
      "foodChickenparmasan",   		/* Chicken Parmasan */
      "foodCashewchicken",   		/* Cashew Chicken */
      "foodLemonchicken",    		/* Lemon Chicken */
      "foodFriedchicken",    		/* Fried Chicken */
      "foodGarlicchicken",   		/* Garlic Chicken */
      "foodGeneraltsochicken",   	/* General Tso's Chicken */
      "foodGingerchicken",   		/* Ginger Chicken */
      "foodOrangechicken",   		/* Orange Chicken */
      "foodSundayroast" ,   		/* Sunday Roast*/   
      "foodDeluxechickencurry", 	/* Deluxe Chicken Curry */
      "foodVindaloo", 			/* Vindaloo */
      "foodRoastchicken" 		/* Roast Chicken */
    ],
    "items":
    [
      "TConstruct:jerky:1",   			/* Chicken Jerky */
      "DCsAppleMilk:defeatedcrow.foodPlate:2", 	/* Roasted Chicken Plate */
      "DCsAppleMilk:defeatedcrow.bowlBlock:3", 	/* Chcken Zosui (Soup Rice) */
      "DCsAppleMilk:defeatedcrow.bowlJP:3" 	/* Chicken Zosui w/ Jp. Bowl */
    ]
  },
  "name": "Cooked Chicken",
  "enabled": true,
  "priority": 8,
  "blacklist": false,
  "hidden": false
}


