{
  "food": 
  {
    "oredict": 
    [ 
      "foodChocolatebacon",		/* Chocolate Bacon */
      "foodChocolatebar",		/* Chocolate Bar */
      "foodChocolatecaramelfudge",	/* Chocolate Caramel Fudge */
      "foodChocolatecherry",		/* Chocolate Cherry */
      "foodChocolatestrawberry", 	/* Chocolate Strawberry */
      "foodHoneycombchocolatebar",	/* Honeycomb Chocolate Bar */
      "foodPralines",			/* Pralines */
      "foodNutella", 			/* Nutella */
      "foodSnickersbar",		/* Snikers Bar */
      "foodCherrycoconutchocolatebar",	/* Cherry Coconut Chocolate Bar */
      "foodChilichocolate",		/* Chili Chocolate */
      "foodTimtam"			/* Soft Tim Tam */
    ],
    "items":
    [
      "DCsAppleMilk:defeatedcrow.chocolateFruits", /* Almond Chocolate */
      "DCsAppleMilk:defeatedcrow.chocolateFruits:1", /* Peanut Chocolate */
      "DCsAppleMilk:defeatedcrow.chocolateFruits:2", /* Crushed Nut Chocolate */
      "DCsAppleMilk:defeatedcrow.chocolateFruits:3", /* Strawberry Chocolate */
      "DCsAppleMilk:defeatedcrow.chocolateFruits:4", /* Cherry Chocholate */
      "DCsAppleMilk:defeatedcrow.chocolateFruits:5", /* Berry Chocolate */
      "DCsAppleMilk:defeatedcrow.chocolateFruits:6", /* Banana Chocolate */
      "DCsAppleMilk:defeatedcrow.chocolateFruits:13", /* Chocolate Plate */
      "DCsAppleMilk:defeatedcrow.chocolateFruits:7", /* Cereal Chocolate Bar */
      "DCsAppleMilk:defeatedcrow.chocolateFruits:12", /* Chocolate Applee */
      "DCsAppleMilk:defeatedcrow.chocolateFruits:11", /* Chocolate Candy */
      "DCsAppleMilk:defeatedcrow.chocolateFruits:10", /* Chocolate Truffles */
      "DCsAppleMilk:defeatedcrow.chocolateFruits:9", /* Cookie Chocolate */
      "DCsAppleMilk:defeatedcrow.chocolateFruits:8", /* Chocolate Bread */
      "DCsAppleMilk:defeatedcrow.basesoupitem:1" /* Chocholate Bowl */
    ]
  },
  "name": "Chocolate",
  "enabled": true,
  "priority": 8,
  "blacklist": false,
  "hidden": false
}
