{
  "food": 
  {
    "oredict": 
    [ 
      "listAllfishcooked", "listAllfishraw",
      
      "foodClamcooked",   			/* Cooked Clam */
      "foodCrabcooked",    			/* Cooked Crab */
      "foodCrayfishcooked",    			/* Cooked Crayfish */
      "foodFrogcooked",   			/* Cooked Frog Legs */
      "foodOctopuscooked",   			/* Cooked Octupus */
      "foodScallopcooked",    			/* Cooked Scallop */
      "foodShrimpcooked",   			/* Cooked Shrimp */
      "foodSnailcooked",    			/* Cooked Snail */
      "foodTurtlecooked",    			/* Cooked Turtle */
      "foodFishandchips",   			/* Fish and Chips */
      "foodFishdinner",   			/* Fish Dinner */
      "foodFishsticks",   			/* Fish Sticks */
      "foodPistachiobakedsalmon",   		/* Pistachio Baked Salmon */
      "foodCoconutshrimp",   			/* Coconut Shrimp */
      "foodSalmonpatties", 			/* Salmon Patties */
      "foodTunapotato", 			/* Tuna Potato */
      "foodShrimpporkokrahuspuppies", 		/* Shrimp Pork Okra Hushpuppies */
      "foodClamraw",				/* Raw Clam */ 
      "foodFrograw", 				/* Raw Frog */
      "foodJellyfishraw", 			/* Raw Jellyfish */
      "foodTurtleraw", 				/* Raw Turtle */
      "foodCrabraw" 				/* Raw Crab */
    ],
    "Items":
    [
      "freshwatermobs:silexmeatcooked",   	/* Cooked Silex Meat */
      "freshwatermobs:silexmeatraw",    	/* Raw Silex Meat */
      "TConstruct:jerky",  			/* Fish Jerky */  
      "DCsAppleMilk:defeatedcrow.foodPlate:3", 	/* Roasted Clam Plate */
      "DCsAppleMilk:defeatedcrow.clam", 	/* Clam */
      "DCsAppleMilk:defeatedcrow.clam:1", 	/* Cooked Clam */
      "DCsAppleMilk:defeatedcrow.bowlBlock:2", 	/* Salmon Stew */
      "Thaumcraft:ItemNuggetFish", /* Fish Nugget */
      "DCsAppleMilk:defeatedcrow.bowlJP:2" 	/* Salmon Stew w/ Jp. Bowl */
    ]
  },
  "name": "Fish & Seafood",
  "enabled": true,
  "priority": 8,
  "blacklist": false,
  "hidden": false
}
