{
  "food": {
    "oredict": 
    [ 
      "listAllfruit", 
      "listAllberry",
      
"cropHazelnut",    /* Hazelnut */
      "cropCitron",     /* Citron */
      "cropFingerLime",     /* Finger Lime */
      "cropSandpear",    /* Sand Pear */
      "cropPear",     /* Pear */
      "cropKeyLime",    /* Key Lime */
      "cropCherryPlum",    /* CHerry PLum */
      "cropTangerine",     /* Tangerine */
      "cropNectarine",     /* Nectarine */
      "cropBlackthorn",    /* Blackthorn */
      "cropBlackCherry",    /* Black Cherry */
      "cropAlmond",     /* Almond */
      "cropSourCherry",    /* Sour Cherry */
      "cropManderine",    /* Manderine */
      "cropApricot", /* Apricot */
      "cropWildCherry", /* Wild Cherry */
      "cropLime", /* Lime */
      "cropGrapefruit", /* Grapefruit */
      "cropPeach", /* Peach */
      "cropKumquat", /* Kumquat */
      "cropOrange", /* Orange */
      "cropBuddhaHand", /* Buddhas Hand */
      "cropSatsuma", /* Satsuma */
      "cropCrabapple", /* Crabapple */
      "cropRedBanana", /* Red Banana */
      "cropPlantain", /* Plantain */
      "cropBrazilNut", /* Brazil Nut */
      "cropFig", /* Fig */
      "cropAcorn", /* Acorn */
      "cropElderberry", /* Elderberry */
      "cropBeechnut", /* Beechnut */
      "cropButternut", /* Butternut */
      "cropBanana", /* Banana */
      "cropPecan", /* Pecan Nut */
      "cropPomelo", /* Pomelo */
      "cropGingkoNut", /* Gingko Nut */
      "cropOsangeOrange", /* Osange Orange */
      "cropClove", /* Clove */
      "cropVanillabean", /* Vanilla Bean */
      "cropWalnut", /* Walnut */
      "cropLemon", /* Lemon */
      "cropChestnut", /* Chestnut */
      "cropNutmeg", /* Nutmeg */
      "cropCherry", /* Cherry */
      "cropEdibleroot", /* Edible Root */
      "cropDurian", /* Durian */
      "cropCurryleaf", /* Curry Leaf */
      "cropRice", /* Rice */
      "cropPeppercorn", /* Peppercorn */
      "cropCoconut", /* Coconut */
      "cropAvocado", /* Avocado */
      "cropCinnamon", /* Cinnamon */
      "cropPapaya", /* Papaya */
      "cropDate", /* Date */
      "cropPlum", /* Plum */
      "cropCandelberry", /* Candelberry */
      "cropChilipepper", /* Chili Pepper */
      "cropTea", /* Tea Leaf */
      "cropSunflower", /* Sunflower Seeds */
      "cropSesame", /* Sesame Seeds */
      "cropGherkin" /* Gherkin */      
    ],
    "items": 
    [
      "minecraft:melon",		/* Melon */
      "ExtraTrees:food:56", /* Star Anise */
      "ExtraTrees:food:55", /* Chilli */
      "ExtraTrees:food:54", /* Allspice */
      "ExtraTrees:food:53", /* Nutmeg */
      "ExtraTrees:food:52", /* Avocado */
      "ExtraTrees:food:51", /* Cashew */
      "ExtraTrees:food:50", /* Coconut */
      "ExtraTrees:food:49", /* Golden Rasperry */
      "ExtraTrees:food:48", /* Gooseberry */
      "ExtraTrees:food:42", /* Redcurrant */
      "ExtraTrees:food:40", /* Papayimar */
      "ExtraTrees:food:43", /* BLackberry */
      "ExtraTrees:food:44", /* Rasperry */
      "ExtraTrees:food:45", /* Blueberry */
      "ExtraTrees:food:46", /* Cranberry */
      "ExtraTrees:food:47", /* Juniper */
      "ExtraTrees:food:59", /* Candelnut */
      "ExtraTrees:food:58", /* Starfruit */
      "ExtraTrees:food:57", /* Mango */
      "ExtraTrees:food:41", /* Blackcurrant */
      "ExtraTrees:food:35", /* Olive */
      "harvestcraft:oliveItem", /* Olive */
      "ExtraTrees:food:37", /* Coffee */
      "harvestcraft:coffeebeanItem" /* Coffee Bean */
    ] 
  },
  "name": "Fruits",
  "enabled": true,
  "priority": 9,
  "blacklist": false,
  "hidden": false
}
