{
  "food": 
  {
    "oredict": 
    [
    "foodIcecream",			/* Icecream */
    "foodChocolateicecream",		/* Chocolate */
    "foodMochaicecream",		/* Mocha */
    "foodBananasplit",			/* Bananasplit */
    "foodCaramelicecream",		/* Caramel */
    "foodMintchocolatechipicecream",	/* Mintchocolatechip */
    "foodStrawberryicecream",		/* Strawberry */
    "foodVanillaicecream",		/* Vanilla */
    "foodCherryicecream",		/* Cherry */
    "foodNeapolitanicecream",		/* Neapolitan */
    "foodPistachioicecream",		/* Pistachio */
    "foodSpumoniicecream"		/* Spumoni */    
    ]
  },
  "name": "Icecream",
  "enabled": true,
  "priority": 8,
  "blacklist": false,
  "hidden": false
}
