{
  "food": 
  {
    "oredict": 
    [ 
      "listAllmeatcooked" 
    ],
    "items":
    [
      "swampmobs:aspidmeatcooked",   		/* Cooked Aspide Meat */
      "forestmobs:arisaurmeatcooked",     	/* Cooked Arisaur Meat */
      "infernomobs:cephignismeatcooked",    	/* Cooked Cephignis Meat */
      "shadowmobs:chupacabrameatcooked",    	/* Cooked Chupacabra Meat */
      "junglemobs:concapedemeatcooked",   	/* Cooked Concapede Meat */
      "desertmobs:joustmeatcooked",   		/* Cooked Joust Meat */
      "plainsmobs:makameatcooked",    		/* Cooked Maka Meat */    
      "demonmobs:pinkymeatcooked",    		/* Cooked Pinky Meat */
      "mountainmobs:yalemeatcooked",    	/* Cooked Yale Meat */
      "exnihilo:silkworm_cooked", /* Cooked Silkworm */
      "Thaumcraft:ItemNuggetPork", /* Pork Nugget */
      "Thaumcraft:ItemNuggetBeef", /* Beef Nugget */
      "Thaumcraft:ItemNuggetChicken", /* Chicken Nugget */
      "arcticmobs:yetimeatcooked"   		/* Cooked Yeti Meat */      
    ]
  },
  "name": "Cooked Meat",
  "enabled": true,
  "priority": 5,
  "blacklist": false,
  "hidden": false
}
