{
  "food": 
  {
    "oredict": 
    [ 
      "foodChilipoppers",	/* Chili Poppers */
      "foodCinnamonroll",	/* Cinnamon Roll */
      "foodCornflakes",		/* Cornflakes */
      "foodManjuu",		/* Manjuu */
      "foodRaisins",		/* Raisins */
      "foodRoastedchestnut",	/* Roasted Chestnut */
      "foodZeppole",		/* Zeppole */
      "foodCranberrybar",	/* Cranberry Bar */
      "foodLemonbar",		/* Lemon Bar */
      "foodFigbar",		/* Fig Bar */
      "foodMuesli", /* Muesli */
      "foodOkrachips" /* Okra Ships */
    ]
  },
  "name": "Snack",
  "enabled": true,
  "priority": 8,
  "blacklist": false,
  "hidden": false
}
