{
  "food": 
  {
    "oredict": 
    [
      "foodCherrysoda",			/* Cherry */
      "foodColasoda",			/* Cola */
      "foodGingersoda",			/* Ginger */
      "foodGrapesoda",			/* Grape */
      "foodLemonlimesoda",		/* Lemonlime */
      "foodOrangesoda",			/* Orange */
      "foodStrawberrysoda",		/* Strawberry */
      "foodGrapefruitsoda",		/* Grapefruit */
      "foodRaspberryicedtea",		/* Raspberry Iced Tea */  
      "foodEnergydrink", /* Energy Drink */
          ],
    "items": 
    [
      "Forestry:ambrosia",            	/* Ambrosia */
      "Forestry:honeyPot", /* Honey Pot */
      "OpenBlocks:tastyClay" /* Tasty Clay */
    ]
  },
  "name": "Soda",
  "enabled": true,
  "priority": 8,
  "blacklist": false,
  "hidden": false
}
