{
  "food": 
  {
    "oredict": 
    [
      "foodPineappleyogurt",		/* Pineapple */
      "foodPapayayogurt",		/* Papaya */
      "foodStarfruityogurt",		/* Starfruit */
      "foodPearyogurt",			/* Pear */
      "foodPlumyogurt",			/* Plum */
      "foodBananayogurt",		/* Banana */
      "foodCoconutyogurt",		/* Coconut */
      "foodOrangeyogurt",		/* Orange */
      "foodPeachyogurt",		/* Peach */
      "foodLimeyogurt",			/* Lime */
      "foodMangoyogurt",		/* Mango */
      "foodPomegranateyogurt",		/* Pomegranate */
      "foodVanillayogurt",		/* Vanilla */
      "foodBlueberryyogurt",		/* Blueberry */
      "foodLemonyogurt",		/* Lemon */
      "foodCherryyogurt",		/* Cherry */
      "foodStrawberryyogurt",		/* Strawberry */
      "foodGrapeyogurt",		/* Grape */
      "foodChocolateyogurt",		/* Chocolate */
      "foodBlackberryyogurt",		/* Blackberry */
      "foodPumpkinyogurt",		/* Pumpkin */
      "foodRaspberryyogurt",		/* Raspberry */
      "foodMelonyogurt",		/* Melon */
      "foodKiwiyogurt",			/* Kiwi */
      "foodAppleyogurt",		/* Apple */
      "foodApricotyogurt",		/* Apricot */
      "foodFigyogurt",			/* Fig */
      "foodGrapefruityogurt",		/* Grapefruit */
      "foodPersimmonyogurt",		/* Persimmon */
      "foodPlainyogurt",			/* Plain */  
      "foodGoosberryyoghurt", /* Goosberry */
      "foodAppleyoghurt" /* Apple*/
    ]
  },
  "name": "Yogurt",
  "enabled": true,
  "priority": 8,
  "blacklist": false,
  "hidden": false
}
